first_name,middle_name,last_name,address,city,state,zip_code,phone,email,Original
Julie,Julia,Christian,15056 Bentley Junctions Apt. 886,North Adam,Alabama,73649,629.365.6091x26392,summersfrank@example.net,Y
Monique,Christopher,Watson,20751 Medina Parkways Apt. 638,Lake Thomas,Missouri,51246,(734)243-2433,thomascain@example.org,Y
Carol,Kristina,Larson,869 Vargas Mountain,Smithchester,Virginia,77053,001-946-570-4900x72830,dennistaylor@example.org,Y
James,Rachel,Moore,2824 Raymond Road Suite 161,Cartermouth,Massachusetts,78698,9786234190,sjimenez@example.org,Y
Rachel,Alisha,Cortez,5000 Koch Vista Apt. 023,Connorfort,New Jersey,92965,990.481.3201x3339,monicataylor@example.org,Y
Victoria,Jessica,Sanders,2637 Carroll Shoal,Lake Mandy,Florida,39076,001-880-463-2765,fponce@example.net,Y
Jennifer,Devon,Carroll,614 Larry Mission Apt. 115,South Brandiville,Missouri,97978,+1-785-834-2282x6561,tonyedwards@example.net,Y
Carol,Jacqueline,Benitez,391 English Ridges,Port Karenmouth,Michigan,16713,5362820769,prestonguzman@example.net,Y
Brian,Elizabeth,Price,898 Mason Vista Apt. 292,Comptonbury,Iowa,91096,574-820-8203x7970,carpenterjulie@example.com,Y
David,Bobby,Bishop,421 Mason Corners,North Sharon,Delaware,42466,+1-802-344-2083x67774,rrobertson@example.com,Y
Robin,Jacqueline,Dalton,48283 Jones Cliff Apt. 190,Samuelland,Vermont,26646,544.642.7931,smithtodd@example.org,Y
Micheal,Tracy,Moon,46838 Travis Mountain Apt. 361,Port Christopher,New Mexico,60715,(934)523-4977x4108,nelsonabigail@example.com,Y
Theresa,Thomas,Pope,340 Kayla Haven Suite 473,Ginashire,Washington,02193,001-983-246-0814x319,kellybailey@example.com,Y
Amanda,Barbara,Smith,2723 Nathan Unions,South Valerie,Arizona,64597,001-726-538-1253,vanessa31@example.com,Y
Anne,Elizabeth,Brown,143 Hall Manors Suite 757,New Annshire,Alabama,51142,3427156518,tammymitchell@example.org,Y
Vanessa,Donna,Trevino,855 Young Falls Apt. 735,West Kathy,Washington,97469,576-646-5182x951,rcox@example.net,Y
Lisa,Richard,Arellano,1562 Mary Row,North Sharon,Georgia,15935,001-476-733-6034x942,xcarlson@example.net,Y
Lauren,Dan,Grant,942 Hardin Falls Apt. 809,New Angelafort,New Mexico,96233,273-604-8183x879,alexis90@example.net,Y
Gary,Brian,Henderson,843 Tara Motorway,East Brucehaven,Utah,24672,570-375-1020x4694,frichardson@example.org,Y
Brandon,Mary,Dunn,11179 James Cape,Matthewshire,Vermont,23781,807.623.6573,bmcdowell@example.org,Y
Melissa,Lauren,Harris,0040 Jimenez Bridge,East Ashleyberg,West Virginia,88920,(855)641-1488x5182,ronaldlee@example.net,Y
Benjamin,Marisa,Price,5680 Brenda Ranch Suite 703,Nicholasborough,Kansas,41054,594.210.4049,johnsonjonathan@example.net,Y
David,Jennifer,Norton,2628 Harper Causeway Apt. 140,North Maryhaven,Delaware,57306,276.878.7166x41882,qallen@example.com,Y
Danielle,Joseph,Barker,18553 Jesse Loop Suite 367,West Amyberg,North Carolina,40878,832-384-7900x6323,williamsmelanie@example.com,Y
Daniel,Ashley,Smith,7719 Caleb Oval Apt. 056,Lake Ashley,Wisconsin,16999,(781)489-6189x081,felicia60@example.net,Y
Elizabeth,Samantha,Anderson,1128 Jill Terrace Apt. 319,Charlestown,Georgia,16844,(261)708-9286,teresamccormick@example.net,Y
Christian,Robert,Braun,9849 Flores Crest,Port Lucasport,Maine,05394,(963)557-5380x07076,garciamatthew@example.com,Y
Jose,Amanda,Benson,22449 Amy Cove,New Jennifershire,Tennessee,97299,+1-592-975-2783,crystalsmall@example.net,Y
Lauren,Jacqueline,Erickson,5240 Holland Plains Suite 322,Vargasburgh,Tennessee,68625,(645)442-5935,ryanreynolds@example.net,Y
Robert,Megan,Rios,347 John Track Apt. 032,Lake Emilyton,Idaho,33505,001-535-600-8601x3955,jennifer39@example.net,Y
