first_name,middle_name,last_name,address,city,state,zip_code,phone,email,source_ids,merge_score
Lauren,Dan,Grant,942 Hardin Falls Apt. 809,New Angelafort,New Mexico,96233.0,273-604-8183x879,alexis90@example.net,"[np.int64(8), np.int64(3)]",1.0
Brian,Elizabeth,Price,898 Mason Vista Apt. 292,Comptonbury,Iowa,91096.0,574-820-8203x7970,carpenterjulie@example.com,"[np.int64(9), np.int64(4)]",1.0
Jose,Amanda,Benson,22449 Amy Cove,New Jennifershire,Tennessee,97299.0,+1-592-975-2783,crystalsmall@example.net,[0],0.0
Vanessa,Donna,Trevino,855 Young Falls Apt. 735,West Kathy,Washington,97469.0,576-646-5182x951,rcox@example.net,[1],0.0
Danielle,Joseph,Barker,18553 Jesse Loop Suite 367,West Amyberg,North Carolina,40878.0,832-384-7900x6323,williamsmelanie@example.com,[2],0.0
David,Bobby,Bishop,421 Mason Corners,North Sharon,Delaware,42466.0,+1-802-344-2083x67774,rrobertson@example.com,[5],0.0
Jose,Amanda,Benson,22449 Amy Cove,New Jennifershire,,,,,[6],0.0
Danielle,J,Barker,18553 Jesse Loop STE 367,,North Carolina,40878.0,322.331.9676x680,,[7],0.0
Julie,Julia,Christian,15056 Bentley Junctions Apt. 886,North Adam,Alabama,73649.0,629.365.6091x26392,summersfrank@example.net,[10],0.0
Monique,Christopher,Watson,20751 Medina Parkways Apt. 638,Lake Thomas,Missouri,51246.0,(734)243-2433,thomascain@example.org,[11],0.0
Carol,Kristina,Larson,869 Vargas Mountain,Smithchester,Virginia,77053.0,001-946-570-4900x72830,dennistaylor@example.org,[12],0.0
James,Rachel,Moore,2824 Raymond Road Suite 161,Cartermouth,Massachusetts,78698.0,9786234190,sjimenez@example.org,[13],0.0
